,title,id,author,created_utc,score,upvote_ratio,url
0,Saturday Morning Political Cartoon Thread,12v8ll8,optimalg,1682175791.0,93,0.9,https://www.reddit.com/r/politics/comments/12v8ll8/saturday_morning_political_cartoon_thread/
1,Lizzo spites Tennessee drag ban by inviting drag queens on stage at Knoxville concert — ‘Why would I not come to the people who need to hear this message the most?’ Lizzo told the crowd,12wl04v,Picture-unrelated,1682274307.0,6391,0.96,https://www.independent.co.uk/arts-entertainment/music/lizzo-tennessee-drag-ban-knoxville-b2325297.html
2,Gun Violence Is Actually Worse in Red States. It’s Not Even Close.,12wdcai,AgentDaxis,1682262547.0,10334,0.95,https://www.politico.com/news/magazine/2023/04/23/surprising-geography-of-gun-violence-00092413
3,President Biden leads charge to protect LGBTQ rights as GOP legislates culture wars ahead of 2024,12w692h,Starkiller20140,1682251434.0,29478,0.83,https://www.usatoday.com/story/news/politics/2023/04/22/biden-white-house-condemn-anti-lgbtq-laws/11473255002/
4,AOC says Marjorie Taylor Greene is the real House GOP leader as Kevin McCarthy panders to ‘extremists’,12wmmz6,ReallyJustTheFacts,1682277305.0,2334,0.98,https://www.independent.co.uk/news/world/americas/us-politics/aoc-marjorie-taylor-greene-kevin-mccarthy-b2325342.html
5,Abortion is now political Kryptonite for Republicans,12w7b25,cdnrtrt,1682253714.0,8562,0.96,https://thehill.com/opinion/campaign/3963140-abortion-is-now-political-kryptonite-for-republicans/
6,"Nearly half of Republicans don't want Trump to run for reelection in 2024, new poll shows",12w8rbl,FTHomes,1682256641.0,6820,0.97,https://www.usatoday.com/story/news/politics/2023/04/23/trump-biden-republicans-reelection-2024/11724195002/
7,"Clarence Thomas didn't learn anything from Watergate, apparently. Time and again the cover-up is what ultimately causes the downfall.",12wfeo9,Thetimmybaby,1682264422.0,4158,0.98,https://www.msnbc.com/opinion/msnbc-opinion/supreme-court-chief-john-roberts-clarence-thomas-problem-rcna80882
8,"38 percent in new poll say they feel ‘exhaustion’ over prospect of rematch between Biden, Trump",12w9jrm,YoanB,1682258219.0,4530,0.96,https://thehill.com/homenews/campaign/3964957-38-percent-in-new-poll-say-they-feel-exhaustion-over-prospect-of-rematch-between-biden-trump/
9,"Ted Cruz saying smoking is ""your damn choice"" causes stir online",12wefjr,BelleAriel,1682263538.0,3343,0.96,https://www.newsweek.com/teed-cruz-smoking-choice-causes-stir-1796115
10,"Amid Expulsion Vote In House, Tennessee Sen Quietly Names April ‘Confederate History Month’",12wepos,TheCaptainDamnIt,1682263797.0,2879,0.97,https://talkingpointsmemo.com/cafe/amid-expulsion-vote-in-house-tennessee-sen-quietly-names-april-confederate-history-month
11,Water permits for Saudi Arabia-owned farm in Arizona revoked - AG Mayes,12wgfjh,Reference_Mammoth,1682266008.0,2322,0.99,https://kjzz.org/content/1844900/water-permits-saudi-arabia-owned-farm-arizona-revoked
12,"Clarence Thomas' gifts from a wealthy GOP donor show a 'conflict of interest,' says Sen. Dick Durbin",12wdphl,newnemo,1682262878.0,2498,0.98,https://www.nbcnews.com/politics/supreme-court/sen-dick-durbin-clarence-thomas-shows-clear-conflict-interest-rcna81024
13,"AOC Calls Out Fox News, Tucker Carlson for ‘Incitement of Violence",12wkb9b,Beckles28nz,1682273082.0,1427,0.97,https://www.rollingstone.com/politics/politics-news/aoc-fox-news-tucker-carlson-incitement-of-violence-1234722133/
14,"Supreme court justices think selves exempt from rules, top Democrat says",12wjk2x,DrRichardButtz,1682271744.0,1319,0.97,https://www.theguardian.com/law/2023/apr/23/supreme-court-justices-regulation-senate-democrats-clarence-thomas-john-roberts
15,AOC: ‘Better for country’ if Dominion had refused to settle lawsuit with Fox,12wopi6,Joeygreer,1682281179.0,528,0.97,https://www.theguardian.com/us-news/2023/apr/23/aoc-dominion-fox-defamation-lawsuit-settlement
16,Arizona revokes water permits for Saudi Arabia-owned alfalfa farm,12wl78c,DrRichardButtz,1682274664.0,730,0.99,https://ktar.com/story/5487088/arizona-revokes-water-permits-for-saudi-arabia-owned-alfalfa-farm/
17,"A 32-Hour Workweek Is Long Overdue — Bernie Sanders is calling for a reduction in the workweek to 32 hours, at full-time pay. He’s absolutely right. Gains in productivity should serve the working class.",12wox45,Picture-unrelated,1682281572.0,475,0.96,https://jacobin.com/2023/04/32-hour-workweek-productivity-gains-bernie-sanders-karl-marx-working-class
18,How Lauren Boebert’s visit to a rural Colorado school started a small revolt against the district,12wg4n8,nanopicofared,1682265449.0,1056,0.97,https://www.denverpost.com/2023/04/21/lauren-boebert-dolores-school-visit/
19,New York City home care aides push to end 24-hour shifts: ‘Destroyed my body’,12w516r,UGMadness,1682248271.0,2346,0.99,https://www.theguardian.com/us-news/2023/apr/23/new-york-city-home-care-workers-end-24-hour-shifts
